SongID,score
s1001,-14.0837267530195
s1002,29.093951208278998
s1003,19.679473368746603
s1004,29.093951208278998
s1005,-14.0837267530195
s1006,-10.647744360086897
s1007,38.423745241269
s1008,37.2087082650795
s1009,-19.0196471330511
s1010,12.2083548114201
s1011,85.80775634261951
s1012,5.6904008349766
s1013,261.1323111569578
s1014,-12.280772635665102
s1015,-3.1916771699745494
s1016,28.30155011889531
s1017,224.15773631448096
s1018,42.88077380637689
s1019,29.093951208278998
s1020,50.907036007006504
s1021,14.26788360906451
s1022,12.862220726719617
s1023,48.69090596296501
s1024,85.80775634261951
s1025,11.6015656689899
s1026,34.643019697330296
s1027,-14.0837267530195
s1028,-7.501986498249601
s1029,-7.957927674105101
s1030,83.1240846332858
s1031,23.91728492201753
s1032,195.02703954438692
s1033,-2.2527521806819997
s1034,16.432377449121894
s1035,40.29998112829121
s1036,31.0233126827634
s1037,-13.85499661697111
s1038,2317.6467601718387
s1039,12.767352575349193
s1040,14.26788360906451
s1041,29.093951208278998
s1042,-2.2527521806819997
s1043,55.68244355226
s1044,5.4931070356528995
s1045,-13.674765487720498
s1046,6.9586921654333
s1047,6.9586921654333
s1048,-7.957927674105101
s1049,34.53999218875742
s1050,85.80775634261951
s1051,36.98708221057992
s1052,14.52130264813168
s1053,-14.0837267530195
s1054,16.681216749954
s1055,64.23582743669671
s1056,80.29821881420837
s1057,25.364583969725214
s1058,221.04444588554378
s1059,161.90634560875006
s1060,36.38011688817819
s1061,15.297947480369043
s1062,39.51019183101711
s1063,36.01962670650299
s1064,20.367766373188704
s1065,142.59309972957988
s1066,73.4526737557725
s1067,83.77522527046392
s1068,74.59579950085829
s1069,159.9017096396144
s1070,10.113000982478695
s1071,-0.3593794838038006
s1072,12.182461474541
s1073,7.068251778851102
s1074,9.153915913719207
s1075,1.8326981328784937
s1076,-6.758256542045998
s1077,17.225449660464
s1078,-13.674765487720498
s1079,11.675882008332902
s1080,67.36405400933549
s1081,-14.0837267530195
s1082,-3.1544769348158983
s1083,24.517054226558713
s1084,67.36405400933549
s1085,-7.257468084333799
s1086,40.29998112829121
s1087,30.36466561289749
s1088,24.440573069705014
s1089,35.92853740752352
s1090,55.79889571617568
s1091,29.093951208278998
s1092,19.166852284618304
s1093,23.581670248458003
s1094,-25.13301257564891
s1095,1.1940205596473001
s1096,34.81628141722591
s1097,-6.135108060149598
s1098,39.51019183101711
s1099,30.88132616101243
s1100,-7.957927674105101
s1101,82.07523251098448
s1102,23.51930211014985
s1103,-17.611589588449302
s1104,29.093951208278998
s1105,86.29922275745851
s1106,11.753934812517004
s1107,256.1756781195415
s1108,29.1325891108966
s1109,24.9180865488346
s1110,46.91105071830303
s1111,-2.2527521806819997
s1112,71.47003631757961
s1113,81.26368645638
s1114,3.616364782858902
s1115,22.7565722583419
s1116,52.72148336739241
s1117,43.007672038979194
s1118,47.47039975794512
s1119,-8.541140760383799
s1120,18.300634131537095
s1121,22.559687771032696
s1122,10.118193134041583
s1123,19.852547632882505
s1124,68.7325025653861
s1125,0.118158810779
s1126,15.286750079477004
s1127,68.67872627583965
s1128,49.514973908060504
s1129,11.903958002897102
s1130,2.54761664927
s1131,26.094482812030396
s1132,2.54761664927
s1133,9.446483043548701
s1134,34.227296776140406
s1135,55.79889571617568
s1136,26.14059302633451
s1137,19.679473368746603
s1138,92.70893921450569
s1139,64.01435047102993
s1140,401.0043991945944
s1141,59.94621805316857
s1142,-6.004636638905565
s1143,11.172968746537308
s1144,11.034743334498303
s1145,139.04077422169
s1146,21.0693213113058
s1147,401.8117445748355
s1148,23.91728492201753
s1149,30.6073649680272
s1150,67.36405400933549
s1151,8.012187872100897
s1152,115.08700368599936
s1153,0.118158810779
s1154,0.118158810779
s1155,29.093951208278998
s1156,-8.162818723298798
s1157,21.62312179393881
s1158,20.0112657860226
s1159,36.01962670650299
s1160,5.4931070356528995
s1161,34.81628141722591
s1162,27.82252989372054
s1163,66.27242340856874
s1164,172.6635119241614
s1165,66.82153863506875
s1166,162.33828758670813
s1167,-6.239663915178857
s1168,11.091095686933043
s1169,15.0986148966205
s1170,37.45450385460591
s1172,45.012571501272
s1173,248.6528731485163
s2001,81.2816706761894
s2002,-15.127826776052393
s2003,82.70971618831591
s2004,147.20618490177333
s2005,187.10103356253762
s2006,225.01973251823793
s2007,140.56693934056298
s2008,188.90111295963533
s2009,147.83866583213944
s2010,99.21082870956609
s2011,94.12235322400299
s2012,98.01222817924268
s2013,132.38280248390905
s2014,153.68742480531574
s2015,141.38546605586055
s2016,157.76217682424746
s2017,166.2084687017234
s2018,66.49617346026132
s2019,76.04713511176605
s2020,8.846502670864336
s2021,32.811567041035204
s2022,62.087072862968505
s2023,80.8259976105981
s2024,117.70333008336367
s2025,64.19468533680606
s2026,162.66441806446363
s2027,29.316690690723195
s2028,55.18539901860319
s2029,80.8092232149092
s2030,65.36892222261288
s2031,165.72415114359825
s2032,42.74585169026008
s2033,164.3053489208995
s2034,120.57717037932875
s2035,183.49744276334943
s2036,99.39985337876993
s2037,104.14541114257561
s2038,43.3251044945411
s2039,52.06896282015339
s2040,149.95341887046033
s2041,47.15196418251408
s2042,-18.642936427419993
s2043,108.88865481008023
s2044,12.809619206751702
s2045,130.46457274149577
s2046,84.44977251490043
s2047,144.56523341751543
s2048,137.05479485849065
s2049,227.16259450284406
s2050,206.91558767431758
s2051,90.928219394829
s2052,162.48125526128683
s2053,85.26216890758637
s2054,91.24204558142377
s2055,163.93639229134075
s2056,172.78311704668016
s2057,-20.00184856750304
s2058,174.4004623187879
s2059,110.23009788322348
s2060,87.11884781054943
s2061,80.74031508683775
s2062,94.12235322400299
s2063,-12.494234879849397
s2064,158.05624217004166
s2065,50.5747267008662
s2066,102.68888744126973
s2067,80.93578063935212
s2068,155.74253484846957
s2069,1.3441099910193288
s2070,106.16694067722382
s2071,283.564211552866
s2072,174.59148422684075
s2073,137.90239904604863
s2074,131.0688641322639
s2075,120.37952358491495
s2076,47.548484077831
s2077,159.85973371968743
s2078,108.66933259365658
s2079,83.83643844575187
s2080,113.12241497332971
s2081,147.20618490177333
s2082,57.68151981801403
s2083,84.9232592393807
s2084,121.7961850774158
s2085,52.61782038572488
s2086,67.91934050653279
s2087,196.5598021706584
s2088,132.38280248390905
s2089,19.221618807193995
s2090,65.74901040969401
s2091,101.15388688046063
s2092,43.821231473824014
s2093,113.83934260421495
s2094,215.6406968950132
s2095,60.34452882196908
s2096,128.07413474209193
s2097,34.33968256308658
s2098,40.26910805169841
s2099,147.83866583213944
s2100,125.51654398556639
s2101,118.53293001363886
s2102,30.592454026444997
s2103,57.49060330944263
s2104,18.000340101898708
s2105,164.6392746220472
s2106,84.66579259953382
s2107,45.081634782280176
s2108,74.521470931312
s2109,15.774326185508798
s2110,173.53757299533615
s2111,76.04713511176605
s2112,146.13441151167427
s2113,-13.957530550789993
s2114,98.69723894826261
s2115,278.1988343127272
s2116,127.57741401890591
s2117,142.29049927525475
s2118,100.99825551666163
s2119,62.8689677073045
s2120,82.55394027983941
s2121,91.63198781489909
s2122,80.07428073995163
s2123,232.36451953641827
s2124,185.5762561765267
s2125,169.33441224338162
s2126,140.86942554742154
s2127,242.1293575991725
s2128,88.1020673519901
s2129,116.93253842728394
s2130,58.33156055787029
s2131,172.49718200782655
s2132,50.621008330955895
s2133,72.46646957451051
s2134,142.7490256204881
s2135,151.57264606515807
s2136,66.9050262250006
s2137,104.90075178439646
s2138,105.86576339863477
s2139,86.92649106855856
s2140,226.7243858081042
s2141,97.95740279195769
s2142,86.39155852334008
s2143,43.32833709523758
s2144,132.38280248390905
s2145,120.0229269840306
s2146,7.383999256904337
s2147,78.27516452244478
s2148,14.362576691135999
s2149,158.28537091822363
s2150,127.05986554385805
s2151,57.57646389752682
s2152,116.5035679956822
s2153,99.21082870956609
s2154,81.22539302293538
s2155,147.29755609862642
s2156,90.5353043269446
s2157,205.1436247059618
s2158,75.25953453310203
s2159,181.4090004420343
s2160,129.42143366924722
s2161,162.12963340505482
s2162,7.256501835831005
s2163,129.3448119172595
s2164,144.56523341751543
s2165,13.914352491763104
s2166,-17.2879591154876
s2167,54.68715784017918
s2168,225.91693567979397
s2169,86.38924750344009
s2170,-17.2871794959893
s2171,150.82295533502392
s2172,-17.3382759613452
s2173,81.2816706761894
s2174,21.570904431329797
s2175,98.01222817924268
s2176,191.87750804775533
s2177,129.42143366924722
s2178,25.853287686455005
s2179,6.8133907371583815
s2180,88.08395719360595
s2181,54.827842937803034
s2182,14.93057713852685
s2183,17.082905352164104
s2184,5.890261697569599
s2185,212.14238516053177
s2186,44.59927564843228
s2187,26.79911451866736
s2188,67.91934050653279
s2189,56.11594680553131
s2190,165.1218604645734
s2191,73.51873622324197
s2192,50.5747267008662
s2193,-15.894335429262796
s2194,152.0026563190177
s2195,127.42774321800397
s2196,141.38546605586055
s2197,154.89735445436366
s2198,49.98719228381438
s2199,133.46214663466606
s2200,29.316690690723195
s2201,31.216908567054105
s2202,201.80735418201007
s2203,255.3560913181818
s2204,48.26634407372493
s2205,287.6790304578291
s2206,117.44442376574997
s2207,229.19036809441798
s2208,57.783994998154384
s2209,158.87274542608955
s2210,140.56693934056298
s2211,22.257361390061998
s2212,13.494050374814465
s2213,141.38546605586055
s2214,167.92368496280776
s2215,99.21082870956609
s2216,9.720963071586201
s2217,228.61763739156518
s2218,50.266417944917336
s2219,23.97852851263091
s2220,151.05016198567645
s2221,135.62977434948016
s2222,64.43416811040602
s2223,110.23009788322348
s2224,65.82836745816098
s2225,160.76350278495352
s2226,60.0325931526013
s2227,102.04789833337337
s2228,242.72614244183708
s2229,231.4195325843713
s2230,89.33389868831485
s2231,228.62822971532947
s2232,277.8999473228746
s2233,70.720974249673
s2234,158.23963446511104
s2235,140.56693934056298
s2236,225.44020673143302
s2237,104.59485896570801
s2238,132.38280248390905
s2239,80.8092232149092
s2240,99.21082870956609
s2241,171.843520124271
s2242,251.298276621735
s2243,284.63558648022484
s2244,221.5866353994235
s2245,134.11935015467833
s2246,0.118158810779
s2247,157.54208537746834
s2248,-10.852159235277197
s2249,135.09442386530398
s2250,159.0284280052958
s2251,182.34920382134766
s2252,-12.400900048394398
s2253,55.95503481506428
s2254,69.0263070350018
s2255,98.01222817924268
s2256,99.21082870956609
s2257,51.7847836525708
s2258,134.52099357256702
s2259,18.720006265643946
s2260,150.17017671495034
s2261,109.05221614882596
s2262,65.74901040969401
s2263,80.8259976105981
s2264,25.329939084520994
s2265,108.14398018806997
s2266,70.43208516220275
s2267,239.00117405617047
s2268,97.50080912138341
s2269,74.80766922673091
s2270,73.1226622280758
s2271,98.01222817924268
s2272,84.43935777642353
s2273,72.97505357122307
s2274,269.9144156332795
s2275,267.7891510644142
s2276,184.9991498737371
s2277,64.18528978898918
s2278,433.3141469379114
s2279,0.118158810779
s2280,139.1716295795046
s2281,-10.816177948057597
s3001,9.76744283279031
s3002,18.2326817454426
s3003,63.06333359770122
s3004,82.81360238341412
s3005,-15.575382322728798
s3006,50.2024113373053
s3007,80.04392966764951
s3008,37.789713466893915
s3009,27.067940893776555
s3010,9.067444936969604
s3011,20.962636733260165
s3012,-8.223094181148639
s3013,110.2994715091354
s3014,84.19381098607778
s3015,12.4268600009926
s3016,39.095001539466885
s3017,54.1454108829867
s3018,92.64457703674242
s3019,28.043594473609307
s3020,57.18819952005901
s3021,48.9126425542829
s3022,23.907942080558996
s3023,7.636601854690008
s3024,12.532513759834996
s3025,6.702567500414396
s3026,-15.3374132893109
s3027,70.37332126073053
s3028,1.496868769932399
s3029,-31.221022130769498
s3030,-35.7585129877579
s3031,64.45992979288978
s3032,-56.22658319549287
s3033,88.69017072682796
s3034,115.6183525393591
s3035,119.69002285924215
s3036,11.449303163735017
s3037,105.54126343993907
s3038,1.467332402064201
s3039,-4.2298043846859175
s3040,13.785157952112904
s3041,86.03837392492579
s3042,4.356748517112703
s3043,-1.955229290249318
s3044,35.35247751355641
s3045,-6.559975418300903
s3046,41.8896341803192
s3047,17.57760928078081
s3048,-27.353306197730507
s3049,12.4636399972466
s3050,5.8848389530792025
s3051,13.94036884239232
s3052,70.26268272427163
s3053,-1.1272066717205984
s3054,43.356723087460686
s3055,128.57813148574803
s3056,96.0021307225262
s3057,97.82335040551244
s3058,69.67966743357857
s3059,135.01153905652407
s3060,45.2894949114834
s3061,-42.50060154724349
s3062,136.04324024190802
s3063,17.99992681458221
s3064,74.72501963923261
s3065,20.28166319751021
s3066,-9.234504418062697
s3067,-49.61159121249428
s3068,32.8666291255023
s3069,-6.0724681351854946
s3070,25.167969970092035
s3071,88.51940468098203
s3072,18.820362641748602
s3073,114.55075202388693
s3074,74.2847735320287
s3075,13.94036884239232
s3076,52.91416899739746
s3077,18.44590372783
s3078,70.72606361978788
s3079,50.53397356399485
s3080,22.2761016177471
s3081,34.911250330133896
s3082,23.381887398005627
s3083,-33.52772095555701
s3084,-21.1337047091442
s3085,18.274034823493494
s3086,66.05021823230268
s3087,18.549140113339107
s3088,23.743308961399304
s3089,1.178284847101402
s3090,29.18649648423409
s3091,72.50176644459869
s3092,106.17706873884791
s3093,50.701575412355496
s3094,111.71217558846098
s3095,25.704396830000004
s3096,55.245013856179284
s3097,105.74019398379465
s3098,23.641893460693446
s3099,5.116097871900805
s3100,-0.41020009659383994
s3101,49.39939230907119
s3102,79.41238021399536
s3103,66.81263964044375
s3104,67.6614028820542
s3105,42.366151221686394
s3106,86.16142863811626
s3107,100.65022078370744
s3108,61.984692649030606
s3109,39.706665766017345
s3110,59.877247416576196
s3111,46.127592832679895
s3112,3.1005863511199014
s3113,46.399775378608645
s3114,181.98827587401857
s3115,-15.358070328787802
s3116,6.8710488610870195
s3117,29.044675083242353
s3118,7.636601854690008
s3119,73.93786415183378
s3120,13.9752005193478
s3121,11.967959652042994
s3122,66.04159456366004
s3123,21.486421746109215
s3124,80.0121847397694
s3125,45.572505631080595
s3126,52.27512919936031
s3127,47.36098060891156
s3128,11.060839191149412
s3129,26.584674715053662
s3130,175.2654357670585
s3131,38.680485695053996
s3132,113.3730808386574
s3133,-56.60234284397887
s3134,21.969573864837095
s3135,49.41329326362539
s3136,5.604872165444003
s3137,-48.0569584292469
s3138,10.787944351821308
s3139,1.041606809339998
s3140,34.75844665761655
s3141,64.184863030225
s3142,23.985294845501
s3143,5.965215055210103
s3144,0.4277151242405001
s3145,40.09147204862591
s3146,88.74179917901351
s3147,53.77666350005203
s3148,123.32822030447983
s3149,7.373747671733403
s3150,191.53866004115176
s3151,343.6781084256512
s3152,7.6898432345191
s3153,23.933135421917676
s3154,5.006122115425404
s3155,30.984140951241603
s3156,179.98005552115512
s3157,-19.835583396055206
s3158,144.41764239752825
s3159,32.65520303417864
s3160,36.6688717854266
s3161,25.245957005810382
s3162,70.37332126073053
s3163,105.41272977234732
s3164,109.15416778537806
s3165,38.543457751019616
s3166,184.09288006988544
s3167,135.75864609424247
s3168,105.54126343993907
s3169,1.9790745227250977
s3170,43.28460986822339
s3171,-20.7987713628039
s3172,36.40578478323253
s3173,10.979646996608103
s3174,46.752737860897525
s3175,25.501768025835595
s3176,26.8813248394398
s3177,58.97991940053638
s3178,127.37569322653158
s3179,26.497003140839592
s3180,195.21429618373034
s3181,-4.2298043846859175
s3182,21.436298859514313
s3183,7.0345157756254
s3184,4.120449554575158
s3185,10.936158828490433
s3186,-47.527580408062384
s3187,110.2994715091354
s3188,114.10553804226019
s3189,62.89166630163366
s3190,7.8547591746218
s3191,21.351320839504808
s3192,23.610540159194002
s3193,9.095286766627895
s3194,20.3804683175666
s3195,24.461787674765816
s3196,21.40991380551159
s3197,15.796346574976997
s3198,38.10377860265761
s3199,115.39686489799705
s3200,36.54304964739518
s3201,48.52228799050889
s3202,39.095001539466885
s3203,64.95390818035774
s3204,8.301675607316568
s3205,24.959513082800402
s3206,0.38044757470112056
s3207,34.24650649978218
s3208,24.646670510198195
s3209,84.19381098607778
s3210,62.49067791371463
s3211,148.8279086146825
s3212,23.489018492013003
s3213,-60.88670081837631
s3214,42.819004307243624
s3215,53.50380676207001
s3216,128.83628897593502
s3217,-1.7682439124637026
s3218,77.71422135797818
s3219,12.052683190233719
s3220,7.935409354635803
s3221,37.789713466893915
s3222,22.593610978562406
s3223,96.3839591270236
s3224,75.7786749358945
s3225,20.5042298409136
s3226,-6.2539560344458955
s3227,36.156589453282415
s3228,20.962636733260165
s3229,80.29993667991292
s3230,64.97753045638851
s3231,175.30917551012644
s3232,2.54761664927
s3233,5.8848389530792025
s3234,130.03101736031675
s3235,90.60778198356779
s3236,8.391068660638101
s3237,-3.610823062781601
s3238,70.70283235032791
s3239,89.79317494762711
s3240,446.9627680542867
s3241,12.69490665943901
s3242,79.4474196531854
s3243,8.181733554801898
s3244,89.39320655892904
s3245,66.91466760664395
s3246,23.558474411313313
s3247,102.42754280314044
s3248,113.8465913480414
s3249,22.998790114623667
s3250,40.594808460665796
s3251,39.598502118818196
s3252,13.94036884239232
s3253,-3.5756933433306997
s3254,2.54761664927
s3255,32.13542347654631
s3256,2.54761664927
s3257,9.76744283279031
s3258,-8.854151552302698
s3259,-6.541829736388101
s3260,-33.52772095555701
s3261,96.4289194645928
s3262,80.04870491638094
s3263,-24.2916029759925
s3264,28.807746452661295
s3265,88.06288823471438
s3266,46.39221589463826
s3267,23.560423878193472
s3268,26.175832541154186
s3269,26.869389232199023
s3270,108.55172161898791
s3271,9.1112030752662
s3272,-16.141179851309005
s3273,55.7986103841023
s3274,55.068080608871696
s3275,1.041606809339998
s3276,82.56154519354189
s3277,28.60798314200559
s3278,110.55329550922939
s3279,82.08431430893712
s3280,65.27790071003552
s3281,-0.6601848662407012
s3282,121.91078252386978
s3283,49.37780995130989
s3284,2.54761664927
s3285,-10.972518948175702
s3286,93.41902391050331
s4001,48.490588937728134
s4002,104.42699030301762
s4003,163.59478308173374
s4004,111.7752554044376
s4005,31.680874976362404
s4006,140.64750181724943
s4007,103.77366194894662
s4008,48.584615545394186
s4009,91.74771135475932
s4010,196.9435218439319
s4011,98.42475431610305
s4012,24.295282891658402
s4013,103.98716252022473
s4014,87.7554749936094
s4015,26.46310412974909
s4016,37.50473784413719
s4017,58.12358340348442
s4018,124.73638849569802
s4019,35.80707849525219
s4020,80.10316404642204
s4021,115.47355377024508
s4022,48.490588937728134
s4023,136.89159727615888
s4024,107.57594119171362
s4025,54.8759482887187
s4026,43.23083095129755
s4027,21.094509609042213
s4028,24.295282891658402
s4029,128.64878072045397
s4030,65.12750698612513
s4031,59.62327637643282
s5001,-2.5716049587952003
s5002,-14.270945925459099
s5003,45.87310951977678
s5004,27.420664074169498
s5005,-31.731045511709702
s5006,43.133252544376596
s5007,-13.834676804475299
s5008,49.73012488200992
s5009,9.439877362363402
s5010,0.6673751410463978
s5011,-11.761278386901097
s5012,47.604796279184285
s5013,2.439962307876201
s5014,1.4812246669326592
s5015,6.8378169828844
s5016,2.028783178615101
s5017,55.566400481784804
s5018,93.63425726161223
s5019,19.64137259148
s5020,-22.073765710266
s5021,29.726625969854453
s5022,45.40517390887489
s5023,11.737481134326298
s5024,26.412496366513693
s5025,-4.7066076586459
s5026,-21.768518862264408
s5027,26.65828548806999
s5028,35.44666101993888
s5029,5.694017869138102
s5030,53.671715487994696
s5031,2.281450529673098
s5032,41.654426003329604
s5033,78.05623636065722
s5034,2.5658440087209993
s5035,39.12894812555041
s5036,24.0229859993079
s5037,74.55431063390267
s5038,39.80971348288635
s5039,9.718633665160702
s5040,19.154459601660832
s5041,3.8513358142595027
s5042,-32.08282740456139
s5043,53.5640373072546
s5044,-124.45318081659816
s5045,21.067659111522598
s5046,-8.373700038575892
s5047,-9.131848437011099
s5048,10.391901313982403
s5049,3.998010520411896
s5050,29.393023914803905
s5051,5.917272444484542
s5052,2.235480200086999
s5053,99.92847439618954
s5054,-11.677806085849696
s5055,45.572505631080595
s5056,52.06484738561001
s5057,-2.5583501564669993
s5058,26.405468659664958
s5059,4.204264542172543
s5060,38.923591461065
s5061,28.742742593801097
s5062,206.18708727363259
s5063,36.4449129148267
s5064,14.108471519847203
s5065,4.543519907950938
s5066,34.3904771928186
s5067,33.80539084576649
s5068,36.2343837498231
s5069,30.110303268184687
s5070,44.783445921979805
s5071,44.93697937660635
s5072,12.580324030722645
s5073,129.03904537854046
s5074,27.862281972166
s5075,-22.946426460396992
s5076,1.3777560150988002
s5077,17.762549336540197
s5078,5.9764375405350005
s5079,54.5734092985621
s5080,113.73623288957417
s5081,7.324289997919723
s5082,55.974968307798584
s5083,137.064548479465
s5084,0.4811501214457923
s5085,19.64137259148
s5086,67.82089805955282
s5087,12.1357124940286
s5088,96.97885736216398
s5089,37.60672243900752
s5090,31.354149592591245
s5091,-27.140609788469796
s5092,36.8358955392457
s5093,2.4972017774099977
s5094,-3.536940528269699
s5095,3.4006189247349203
s5096,10.261553801547
s5097,47.51065975089585
s5098,54.65394609357401
s5099,44.72642243978961
s5100,59.362290519662515
s5101,228.63767190083223
s5102,-5.5656329938736
s5103,-6.057796767471451
s5104,34.397750292474996
s5105,27.990189386808392
s5106,18.734141893993396
s5107,69.52815708665301
s5108,-0.3265902238102009
s5109,50.02370744829791
s5110,16.795593852258005
s5111,30.77022204271529
s5112,-27.372362748772407
s5113,43.133252544376596
s5114,-21.155692683838197
s5115,4.1666453342977015
s5116,41.0510746727873
s5117,-24.325491249220907
s5118,1.6556348910957996
s5119,75.02036968808979
s5120,0.5539525304175918
s5121,43.46257519906588
s5122,-14.096308863353002
s5123,57.21632429393679
s5124,8.636516861951437
s5125,10.967640214413
s5126,-13.834676804475299
s5127,64.029398606705
s5128,-31.051039964711393
s5129,-48.887792929818744
s5130,18.190182758995437
s5131,7.407331987523039
s5132,18.648274583654295
s5133,49.712465645380206
s5134,62.66464420997623
s5135,50.5458369978416
s5136,16.08183338065525
s5137,49.0604833627198
s5138,54.837186317176496
s5139,138.6835086466631
s5140,21.444246697553304
s5141,4.204264542172543
s5142,-10.229414320265196
s5143,67.21128754955011
s5144,20.746469811892723
s5145,-14.270945925459099
s5146,50.216597331544406
s5147,9.625547864666702
s5148,34.6056179854351
s5149,2.5903611723989948
s5150,5.702898637418699
s5151,55.6619816347414
s5152,48.29683082545678
s5153,3.644225128561501
s5154,66.77548046021018
s5155,14.108471519847203
s5156,55.97072286578481
s5157,9.450987939028805
s5158,41.47830468581999
s5159,10.391901313982403
s5160,-4.440105883097698
s5161,95.73472290852398
s5162,56.565323291231394
s5163,76.35641031445756
s5164,3.8043277872888
s5165,40.10309041175272
s5166,-1.0426481560892036
s5167,23.464252672108895
s5168,45.87310951977678
s5169,23.642159435090406
s5170,28.820751894099796
s5171,26.83588386484899
s5172,-0.31892795230349985
s5173,4.471991677540299
s5174,50.74254660234021
s5175,103.83286123470387
s5176,-3.6256544632242003
s5177,109.89430000803779
s5178,7.9857062992286005
s5179,17.9041670600486
s5180,-7.29501429434385
s5181,8.828994138695402
s5182,-18.593224895805406
s5183,-11.923925926636999
s5184,50.7406580571433
s5185,0.05053653886119713
s5186,50.716639889696395
s5187,35.09731611587888
s5188,-13.535362555138397
s5189,0.7982784309554001
s5190,62.13951877461709
s5191,18.4500851383381
s5192,170.36408425136972
s5193,-4.440105883097698
s5194,-36.292177505853495
s5195,95.47627535581309
s5196,30.9848011361897
s5197,18.9398614509211
s5198,95.15834302158285
s5199,-24.737843606218966
s5200,5.6554114133020015
s5201,1.4599416708986008
s5202,16.994326792999203
s5203,36.203031799546324
s5204,47.604796279184285
s5205,5.981956381663656
s5206,3.4524496467939993
s5207,39.70373413140996
s5208,21.319072151090726
s5209,5.777091659925099
s5210,7.4968316734033
s5211,3.3509735136059002
s5212,26.343679577155104
s5213,0.118158810779
s5214,-14.523614878190298
s5215,-68.88258667537599
s5216,-12.688729906666097
s5217,-39.27801095717899
s5218,-22.073765710266
s5219,-5.326220843192202
s5220,35.4451753728207
s5221,67.94518958656514
s5222,43.538732309235606
s5223,8.485589867319403
s5224,62.75783280848157
s5225,-14.7025924729923
s5226,47.37433639972362
s5227,-7.084821611011099
s5228,106.83228099068855
s5229,78.55323332529275
s5230,13.877111799359596
s5231,-11.813603739090889
s5232,33.80539084576649
s5233,11.222576531725258
s5234,31.746649674453902
s5235,37.386222950365706
s5236,39.87583559992856
s5237,56.496022297320415
s5238,41.32895935647371
s5239,20.781996924687896
s5240,128.540874995387
s5241,54.1363744242031
s5242,80.50440217340018
s5243,-10.229414320265196
s5244,4.181535665408202
s5245,45.87310951977678
s5246,16.860306839029807
s5247,5.6554114133020015
s5248,10.188805214951405
s5249,-11.761278386901097
s5250,49.84105131637835
s5251,30.63927014049408
s5252,9.298957147258108
s5253,56.63197302584148
s5254,46.055174038733995
s5255,25.8171268568784
s5256,-19.426506992947704
s5257,2.1298960397217988
s5258,24.8538042988834
s5259,30.31483650057701
s5260,0
s5287,50.09564224102959
s5288,63.374704748811745
s5289,31.231560642737488
s5290,145.98444448838336
s6001,70.1400204184993
s6002,15.657328012330101
s6003,80.25460705032849
s6004,16.49324181976511
s6005,67.29997679094687
s6006,25.7927485665754
s6007,24.461611554215004
s6008,124.92416437820569
s6009,69.3136482719685
s6010,16.864321841791696
s6011,31.62826549798609
s6012,16.820054683763207
s6013,1.6030962740867007
s6014,-5.23758321625774
s6015,37.347687931904204
s6016,60.93856718206788
s6017,31.747957998060297
s6018,85.54190428513316
s6019,30.1960191424051
s6020,148.3712466842733
s6021,31.55244164045002
s6022,81.501655828612
s6023,20.805160460194912
s6024,68.1180776374074
s6025,40.367365107302945
s6026,70.13050990776519
s6027,60.32229479802968
s6028,68.15991453763439
s6029,21.74946200147413
s6030,139.87563387980094
s6031,2.4279439640717007
s6032,39.87045575576151
s6033,25.260531277503002
s6034,40.43986010986247
s6035,68.42477357024693
s6036,15.657328012330101
s6037,42.119784134026176
s6038,23.173577106000003
s6039,-8.559585308613793
s6040,15.657328012330101
s6041,28.693892310984502
s6042,69.27440182257233
s6043,22.96298274448761
s6044,66.6354779277793
s6045,38.41250670544101
s6046,27.492743671602604
s6047,24.943648212866115
s6048,18.37946296655751
s6049,110.7058074721118
s6050,16.602658587137913
s6051,-19.03658679088089
s6052,75.06903283063438
s6053,45.18013691711521
s6054,5.9423497316157015
s6055,25.838495746819206
s6056,80.25460705032849
s6057,76.47552382399817
s6058,31.586787387758896
s6059,100.1489535559453
s6060,23.903825343920317
s6061,2.6015027904251022
s6062,-11.261764186201493
s6063,70.60175179915619
s6064,44.99322661371339
s6065,25.7927485665754
s6066,8.2018777939667
s6067,59.31653746274292
s6068,51.10438844537
s6069,13.684725697195107
s6070,2.4279439640717007
s6071,22.270365776096696
s6072,18.647647045608096
s6073,43.12092588500088
s6074,28.432529949756606
s6075,-28.234411423047188
s6076,154.45492446637888
s6077,35.399762821718085
s6078,33.36145529833099
s6079,-0.32425956432381753
s6080,-13.847525272605298
s6081,22.743605402711133
s6082,86.68012551966265
s6083,-14.926946553770005
s6084,45.987232471832996
s6085,56.266254714547614
s6086,11.757966274754706
s6087,80.25460705032849
s6088,48.17111928831137
s6089,67.88962066300559
s6090,33.983380615428
s6091,72.16534809393713
s6092,9.455625292683104
s6093,29.549257169254087
s6094,19.788018006448112
s6095,14.1078750788131
s6096,2.6584304420657996
s6097,62.113609738946806
s6098,63.73225373304369
s6099,14.5332567575521
s6100,40.367365107302945
s6101,-41.766573174836495
s6102,18.750156398607896
s6103,56.84613223164968
s6104,78.44599157958173
s6105,7.205597899380203
s6106,-9.271783036192298
s6107,52.6910733342643
s6108,230.38424110549843
s6109,15.182733837839502
s6110,114.15189882210562
s6111,15.992346994134909
s6112,17.230145852614406
s6113,50.123746698015786
s6114,44.4691094462126
s6115,67.228513889545
s6116,114.17719645783426
s6117,8.128572258762404
s6118,39.87045575576151
s6119,25.27412298642439
s6120,78.81113907518522
s6121,-17.582192098542333
s6122,52.592967036050865
s6123,8.2018777939667
s6124,139.87563387980094
s6125,29.948030886574085
s6126,0.6455681489766707
s6127,15.657328012330101
s6128,19.35240080665491
s6129,26.0056647566681
s6130,3.6928024537617996
s6131,85.98397671585248
s6132,46.42196005119358
s6133,18.750156398607896
s6134,4.713907764615199
s6135,-4.149952763288397
s6136,27.298639365210608
s6137,-16.943446714712998
s6138,15.114382173345993
s6139,-7.078366699653701
s6140,49.24304663074822
s6141,25.7927485665754
s6142,40.4925342583451
s6143,60.480069443382
s6144,90.66574445068169
s6145,-25.5429252703493
s6146,8.2018777939667
s6147,73.6315529973959
s6148,83.55579226704866
s6149,28.693892310984502
s6150,29.5391745883347
s6151,139.9638197528883
s6152,27.1530176228294
s6153,31.825388753120297
s6154,132.38199864464067
s6155,48.06404052866819
s6156,58.66488177507339
s6157,47.7559999691531
s6158,130.20839572442068
s6159,-5.911245743432394
s6160,9.424071913839494
s6161,49.15055418239963
s6162,68.15991453763439
s6163,30.870242310124105
s6164,31.043600142742985
s6165,66.76235243511927
s6166,86.03706299838458
s6167,101.14118973452057
s6168,-14.123477711696697
s6169,74.71191861295299
s6170,-19.675007505612
s6171,51.9896643783317
s6172,39.86112976876827
s6173,43.22315471291292
s6174,55.529441744107
s6175,6.732989263936379
s6176,40.24574590360522
s6177,86.4769645862069
s6178,-19.077980331057102
s6179,84.01677552904728
s6180,108.4870649870318
s6181,88.59698308740347
s6182,441.4641719766585
s6183,87.68002262276647
s6184,58.05017376722111
s6185,15.645987411336
s6186,81.41890556323438
s6187,132.3515459784363
s6188,22.973342115160293
s6189,36.17643367631183
s6190,6.912055145847587
s6191,64.75810418715986
s6192,8.2018777939667
s6193,48.47655572994378
s6194,22.13865776817569
s6195,31.043600142742985
s6196,42.4092956002712
s6197,30.711849762950887
s6198,47.47147844497572
s6199,40.367365107302945
s6200,59.82158404479518
s6201,61.1719793996928
s6202,11.521402263494425
s6203,-10.673796570001004
s6204,26.08841421704359
s6205,26.69025983222474
s6206,-5.3835808185378
s6207,86.001455111295
s6208,20.39656541990066
s6209,63.94994658628208
s6210,14.23528762571507
s6211,30.585445768694587
s6212,31.22949178066609
s6213,123.33133299331922
s6214,36.9066822647122
s6215,21.611584688650105
s6216,51.999868824947285
s6217,58.916260202189015
s6218,20.11060958425091
s6219,100.2874325309013
s6220,46.195832785960995
s6221,3.6928024537617996
s6222,29.612903928884194
s6223,53.524361288634196
s6224,79.31687627747098
s6225,45.39054288212724
s6226,25.81185094578759
s6227,8.853391378451507
s6228,44.03674827909897
s6229,55.505669133288194
s6230,3.7998543267357987
s6231,79.46116630433526
s6232,71.03530123351939
s6233,26.7474189505034
s6234,20.4177439035323
s6235,58.05017376722111
s6236,81.01076465552573
s6237,12.947573911584707
s6238,26.39621358169701
s6239,60.7650818656225
s6240,-4.887891108631702
s6241,70.60175179915619
s6242,-1.1320343987449997
s6243,49.36677554085944
s6244,25.14032192006899
s6245,32.770926004188304
s6246,0.118158810779
s6247,46.44627086367543
s6248,25.260531277503002
s6249,20.11060958425091
s6250,13.895001985359215
s6251,-5.918756519073499
s6252,19.075480362424997
s6253,-6.538764983985299
s6254,18.695349088308912
s6255,60.327007379876044
s6256,6.447195879361201
s6257,81.41890556323438
s6258,60.99104026764331
s6259,74.040521767808
s6260,6.704171989715701
s6261,17.683786151175894
s6262,1.0221514407226029
s6263,27.774293636486906
s6264,40.855663981741394
s6265,27.538440099539002
s6266,60.99104026764331
s6267,79.88446900386094
s6268,54.51996385867371
s6269,41.472413848231795
s6270,-7.926624402262199
s6271,24.0932334187634
s6272,16.294233662331003
s6273,18.2571041936385
s6274,63.1092256211389
s6275,17.174704590164094
s6276,26.400894838365325
s6277,45.987232471832996
